rank,Code,Name,Marcap,Market
1,005930,삼성전자,1593110920680000,KOSPI
2,000660,SK하이닉스,1255068864765000,KOSPI
3,402340,SK스퀘어,140271764318000,KOSPI
4,005380,현대차,132478274602000,KOSPI
5,373220,LG에너지솔루션,91962000000000,KOSPI
6,009150,삼성전기,72602272512000,KOSPI
7,034020,두산에너빌리티,66682415298600,KOSPI
8,207940,삼성바이오로직스,63881512380000,KOSPI
9,329180,HD현대중공업,63396579900000,KOSPI
10,012450,한화에어로스페이스,63113602824000,KOSPI
11,028260,삼성물산,62677770056500,KOSPI
12,000270,기아,62153749281600,KOSPI
13,012330,현대모비스,51808304893000,KOSPI
14,006400,삼성SDI,46256094220000,KOSPI
15,068270,셀트리온,40281794371500,KOSPI
16,267260,HD현대일렉트릭,38786717260000,KOSPI
17,010120,LS ELECTRIC,36000000000000,KOSPI
18,066570,LG전자,35916062679000,KOSPI
19,042660,한화오션,35268181649400,KOSPI
20,298040,효성중공업,33661618280000,KOSPI
21,035420,NAVER,30888446494400,KOSPI
22,042700,한미반도체,29785062500000,KOSPI
23,010130,고려아연,29034299879000,KOSPI
24,009540,HD한국조선해양,28415406074000,KOSPI
25,051910,LG화학,25554428166000,KOSPI
26,010140,삼성중공업,24728000000000,KOSPI
27,000150,두산,24420303180000,KOSPI
28,064350,현대로템,21479203262400,KOSPI
29,017670,SK텔레콤,21178299225800,KOSPI
30,267250,HD현대,20419712472500,KOSPI
31,096770,SK이노베이션,20083471214400,KOSPI
32,003670,포스코퓨처엠,19923953280000,KOSPI
33,272210,한화시스템,19345345433600,KOSPI
34,035720,카카오,18610676154000,KOSPI
35,079550,LIG디펜스앤에어로스페이스,18348000000000,KOSPI
36,011200,HMM,18270519478900,KOSPI
37,033780,KT&G,18249878164800,KOSPI
38,086280,현대글로비스,17437500000000,KOSPI
39,011070,LG이노텍,16708977542000,KOSPI
40,307950,현대오토에버,16344693272000,KOSPI
41,000720,현대건설,15790247477000,KOSPI
42,047810,한국항공우주,15391319395300,KOSPI
43,278470,에이피알,14825509380000,KOSPI
44,277810,레인보우로보틱스,14511093784000,KOSDAQ
45,030200,KT,14264427371000,KOSPI
46,018260,삼성에스디에스,13866101760000,KOSPI
47,259960,크래프톤,12686408075000,KOSPI
48,010950,S-Oil,12260266048800,KOSPI
49,047050,포스코인터내셔널,12068303256800,KOSPI
50,047040,대우건설,11032870080300,KOSPI
51,001440,대한전선,11014783895200,KOSPI
52,003230,삼양식품,10094240100000,KOSPI
53,352820,하이브,9805761647500,KOSPI
54,028050,삼성E&A,9574600000000,KOSPI
55,443060,HD현대마린솔루션,9504693520000,KOSPI
56,003490,대한항공,9150283425850,KOSPI
57,950160,코오롱티슈진,9109125375000,KOSDAQ
58,007660,이수페타시스,9073379468400,KOSPI
59,000250,삼천당제약,8550248544000,KOSDAQ
60,064400,LG씨엔에스,7886516167200,KOSPI
61,062040,산일전기,7745810050000,KOSPI
62,267270,HD건설기계,7671061468200,KOSPI
63,161390,한국타이어앤테크놀로지,7593541729700,KOSPI
64,326030,SK바이오팜,7369276825000,KOSPI
65,454910,두산로보틱스,7363549728000,KOSPI
66,180640,한진칼,7257059727300,KOSPI
67,000990,DB하이텍,7204359772800,KOSPI
68,090430,아모레퍼시픽,6984035424600,KOSPI
69,009830,한화솔루션,6901485320400,KOSPI
70,032640,LG유플러스,6683830920250,KOSPI
71,028300,HLB,6672482177700,KOSDAQ
72,377300,카카오페이,6627557475000,KOSPI
73,000100,유한양행,6539068042100,KOSPI
74,034220,LG디스플레이,6490000000000,KOSPI
75,021240,코웨이,6475219479000,KOSPI
76,353200,대덕전자,6419258557500,KOSPI
77,241560,두산밥캣,6316914683500,KOSPI
78,066970,엘앤에프,6286782679800,KOSPI
79,298380,에이비엘바이오,6203410900400,KOSDAQ
80,036570,NC,5655305775000,KOSPI
81,004020,현대제철,5638084416250,KOSPI
82,082740,한화엔진,5624337370800,KOSPI
83,087010,펩트론,5572846650000,KOSDAQ
84,128940,한미약품,5540753607500,KOSPI
85,271560,오리온,5266212782400,KOSPI
86,103590,일진전기,5240624361000,KOSPI
87,022100,포스코DX,5131172103750,KOSPI
88,336260,두산퓨얼셀,5069214392400,KOSPI
89,000500,가온전선,4921576712500,KOSPI
90,018880,한온시스템,4905534998560,KOSPI
91,004170,신세계,4807597129000,KOSPI
92,440110,파두,4794266343900,KOSDAQ
93,214370,케어젠,4791378000000,KOSDAQ
94,011790,SKC,4771405548000,KOSPI
95,108490,로보티즈,4551007194000,KOSDAQ
96,002380,KCC,4532100210000,KOSPI
97,023530,롯데쇼핑,4512056422500,KOSPI
98,310210,보로노이,4471727553000,KOSDAQ
99,450080,에코프로머티,4461523801700,KOSPI
100,178320,서진시스템,4245979241300,KOSDAQ
101,319400,현대무벡스,4187739066400,KOSDAQ
102,111770,영원무역,3983600973200,KOSPI
103,051900,LG생활건강,3945145596000,KOSPI
104,010170,대한광통신,3704445849500,KOSDAQ
105,012510,더존비즈온,3650417882000,KOSPI
106,011780,금호석유화학,3559761487500,KOSPI
107,011170,롯데케미칼,3533249609400,KOSPI
108,251270,넷마블,3474025810400,KOSPI
109,017800,현대엘리베이터,3393219018000,KOSPI
110,035250,강원랜드,3371702280000,KOSPI
111,067310,하나마이크론,3363089835600,KOSDAQ
112,489790,한화비전,3357477935000,KOSPI
113,014680,한솔케미칼,3337152232500,KOSPI
114,097950,CJ제일제당,3334502199000,KOSPI
115,302440,SK바이오사이언스,3165721913550,KOSPI
116,028670,팬오션,3153960120800,KOSPI
117,383220,F&F,3087550245000,KOSPI
118,005850,에스엘,3033088356000,KOSPI
119,375500,DL이앤씨,2998755782500,KOSPI
120,226950,올릭스,2982155642700,KOSDAQ
121,020150,롯데에너지머티리얼즈,2963885205800,KOSPI
122,457190,이수스페셜티케미컬,2931230584000,KOSPI
123,080220,제주반도체,2931085088300,KOSDAQ
124,032820,우리기술,2924035459380,KOSDAQ
125,483650,달바글로벌,2856954200000,KOSPI
126,058610,에스피지,2807653776000,KOSDAQ
127,043260,성호전자,2801451508500,KOSDAQ
128,012750,에스원,2754940405000,KOSPI
129,005290,동진쎄미켐,2747289791400,KOSDAQ
130,204320,HL만도,2695338688000,KOSPI
131,007340,DN오토모티브,2691499790000,KOSPI
132,139480,이마트,2682313606800,KOSPI
133,347850,디앤디파마텍,2663292137600,KOSDAQ
134,006360,GS건설,2601677296000,KOSPI
135,084370,유진테크,2587221141800,KOSDAQ
136,257720,실리콘투,2583704328800,KOSDAQ
137,071970,HD현대마린엔진,2561072872500,KOSPI
138,439260,대한조선,2546589223200,KOSPI
139,218410,RFHIC,2530543022600,KOSDAQ
140,026960,동서,2507455000000,KOSPI
141,098460,고영,2471571180000,KOSDAQ
142,078600,대주전자재료,2451118919400,KOSDAQ
143,083650,비에이치아이,2435322312500,KOSDAQ
144,069960,현대백화점,2400174705600,KOSPI
145,347700,스피어,2393353765500,KOSDAQ
146,004370,농심,2384395664000,KOSPI
147,103140,풍산,2359644207600,KOSPI
148,007070,GS리테일,2353548732250,KOSPI
149,131290,티에스이,2350553662500,KOSDAQ
150,008770,호텔신라,2347037635800,KOSPI
151,011210,현대위아,2344216154600,KOSPI
152,082920,비츠로셀,2334983065500,KOSDAQ
153,282330,BGF리테일,2329870528800,KOSPI
154,018670,SK가스,2323568244000,KOSPI
155,0009K0,에임드바이오,2295826215500,KOSDAQ
156,229640,LS에코에너지,2287678461300,KOSPI
157,000240,한국앤컴퍼니,2283192522000,KOSPI
158,322000,HD현대에너지솔루션,2262400000000,KOSPI
159,008930,한미사이언스,2229564530000,KOSPI
160,095610,테스,2228336000000,KOSDAQ
161,120110,코오롱인더,2216006368000,KOSPI
162,030000,제일기획,2197287397500,KOSPI
163,068760,셀트리온제약,2182374617800,KOSDAQ
164,140410,메지온,2179118373900,KOSDAQ
165,112610,씨에스윈드,2163392973900,KOSPI
166,161890,한국콜마,2155143530100,KOSPI
167,009420,한올바이오파마,2102685679500,KOSPI
168,000120,CJ대한통운,2066798366400,KOSPI
169,192820,코스맥스,2034966963700,KOSPI
170,323280,태성,2006345286000,KOSDAQ
171,001740,SK네트웍스,1991897317770,KOSPI
172,007810,코리아써키트,1928202648000,KOSPI
173,017960,한국카본,1921238550000,KOSPI
174,097230,HJ중공업,1914261292800,KOSPI
175,023590,다우기술,1895984265600,KOSPI
176,476830,알지노믹스,1865741443800,KOSDAQ
177,031330,에스에이엠티,1858908295530,KOSDAQ
178,189300,인텔리안테크,1828595739100,KOSDAQ
179,060370,LS마린솔루션,1823136004600,KOSDAQ
180,089030,테크윙,1815628605000,KOSDAQ
181,298020,효성티앤씨,1806807235000,KOSPI
182,099320,쎄트렉아이,1805865742200,KOSDAQ
183,077970,STX엔진,1766514772000,KOSPI
184,001120,LX인터내셔널,1740324000000,KOSPI
185,462870,시프트업,1706841294000,KOSPI
186,361610,SK아이이테크놀로지,1668456840000,KOSPI
187,101490,에스앤에스텍,1657720098300,KOSDAQ
188,005070,코스모신소재,1655746364350,KOSPI
189,437730,삼현,1636110457200,KOSDAQ
190,290650,엘앤씨바이오,1634364062400,KOSDAQ
191,006040,동원산업,1611401489000,KOSPI
192,096530,씨젠,1564168520300,KOSDAQ
193,006280,녹십자,1556646861600,KOSPI
194,420770,기가비스,1543907324400,KOSDAQ
195,445680,큐리옥스바이오시스템즈,1536250671500,KOSDAQ
196,069620,대웅제약,1534062530000,KOSPI
197,003570,SNT다이내믹스,1532949331700,KOSPI
198,039200,오스코텍,1516936678400,KOSDAQ
199,475150,SK이터닉스,1487024724600,KOSPI
200,020560,아시아나항공,1485193026310,KOSPI
